date,userName,score,content,helpfulCount
2023-09-02 14:23:23,채용묵,5,가자고 가자,0
2023-10-29 11:24:57,청산,5,제목 그ㅑㅇ 그태룬차기고차,0
2023-11-13 23:59:49,Ky K (쀼쁑),5,거래하던 앱이 있었지만 이번에 갈아탔어요 잘 됐으면 좋겠네요,0
2023-11-13 06:18:25,seungwan ham,5,좋아요,0
2024-02-11 03:53:35,정영숙,5,감사합니다,0
2023-11-09 16:19:24,바보,5,UI. 개편좀 해주세요 차트 그래프 등등 내 재산 차트 그래프 등등 내 재산 %그래프 한투 업비트 보고 UI개편좀 보기,0
2024-02-16 03:36:53,마신임,5,삼성전자 미래sci 콜라보 가즈아~,0
2023-11-03 00:51:16,박유성,5,다른 증권사 앱보다 사용하기가 편하고 깔끔해요,0
2024-02-25 05:00:28,김주윤,5,가입,0
2024-02-26 04:11:49,sungho Jun,5,인생에 로또 및 대박 비정상적인 경제적 이익 그 다음은 행복으로 연결 되도록 노력하는게 옳은 선택이라고 하는군요 🇰🇷🇺🇸😎👌👍🙏🩲🍟🥤🍔🚻,0
2023-11-02 06:45:46,B비타민,5,재차 문의드립니다 차트 분할을 하고 종목 동기화를 하고 확인을 눌러도 다른창을 다녀오면 리셋이 됩니다 그래서 분할화면에 다른종목이 뜹니다 이거 오류인가요?,0
2023-10-29 14:59:29,JW L,5,앱 잘쓰고 있습니다.. 다른 증권사 앱처럼 다음 업데이트에서는 차트에서도 매매내역 볼 수있게 해줬으면 좋을듯 합니다.^^// 매매내역까지 볼수 있게 업데이트 해주셨네요 감사합니다...^^// 혹시 앱 차트에서 Envelope선을 여러개 추가 할수 있는 기능은 업데이트 가능할까요??,9
2023-10-28 03:08:03,오효진,5,삼성은 말이필요없어 Z,0
2023-09-26 21:46:33,김준서,5,미래에셋증권 처럼 다크모드 기능 추가 해주셨으면 좋겠습니다 그리고 해외주식 etf배당락 배당정보 기업분석 하나도 안나와있는것들도 다 업데이트 부탁드리겠습니다,0
2023-10-25 17:53:37,Choi Sung,5,유익하고 좋은점이 많다,0
2023-10-16 12:16:03,오영근,5,"여기에 문의드려도 되는건지. 타은행irp에서 삼성증권다이렉트 irp로 이전했습니다. 상품신규매수 메뉴가 있길래, 이걸 통해 irp상품매수 한 상태이고요. 1. 상품신규매수 메뉴를 통해서 추가로 더 상품가입하려는데 매수수량이 없네요.. 관리메뉴에 추가납입(세액공제) 메뉴가 있길래, 요기는 시간대가 정해져 있네요.. 9시부터 이용가능하면, 직장인이라 불편하네요.. 앞으로 계속 납입하려면 추가납입(세액공제) 이 메뉴를 이용하면 되는지..?? 2. irp계좌로 입금하면 바로 상품매수가 안되고, 예수금으로 처리되나요? 요건 불편하네요. 3. irp계좌에 있는 자산이 예수금으로 되어 있길래, 다시 인출하려 했더니 출금고정지 계좌라네요. 사고해제도 안되고.. irp는 원래 출금고정지계좌가 맞는것인지.. 익숙해지면 괜찮을거 같은데, 아직은 뭔가 불편합니다. 위에꺼는 답변 좀 부탁드려요^^",51
2024-03-17 19:56:34,룡룡,5,이전의 요청사항을 적용해주셔서 감사합니다. 다만 아직도 자동주문에서 신규잔고 편입 기능은 반영되지 않아서 다시한번 리뷰남깁니다. 여러 증권사 어플을 사용하지만 지원하는 증권사가 많은것을 보면 기술적으론 어려운것은 아닌듯합니다. 신규매수 종목이 매수됨과 동시에 사용자의 설정값으로 자동매도주문이 설정되는 신규잔고 편입 기능을 반영시켜주셨으면 합니다.,18
2023-10-13 03:04:56,정홍순,5,촤그누열락이뭉연량ㅎ쳐모ㅜ두호ㅛㅜ보어중ㅂ몌요,0
2023-10-12 01:11:26,SJ Hong,5,Smart,0
2023-10-07 13:18:51,마정기,5,Goog,0
2024-03-27 00:43:24,뜨뜨바바바바바밤,5,삼성증권 mts 호가창 호가 위 그래프 자꾸 지워도 계속 뜨네요 귀찮게... 지웟졋다 안됬다 반복적으로 그러네요 ...,0
2023-10-06 02:58:17,라온하제,5,"이제는 mPOP이 편리하네요. 추가로 토론에 네이버,다음 연결이외 자체 커뮤니티(토론방)를 개설하면 좋겠네요.",2
2023-10-04 00:19:23,KR디즈니주주,5,그래도 타사 앱 보단 안정적이어서 좋습니다~!!,0
2023-10-02 09:22:01,박順宇,5,하여튼 최고,0
2024-02-07 16:47:41,우치하사스케,5,즐겨찾기 메뉴 설정이 해외주식종목 누르면 초기화 됩니다. 나스닥 종목 순위 더보기 누르면 초기화 됩니다. 왜 자꾸 풀리는지 ㅠㅠ /// 등락률 100% 이상부터 숫자가 짤립니다. /// 국내나 해외나 종목순위 창에서 실시간으로 변하는 기술은 아직 구현 못 하는 걸까요.,25
2024-02-07 02:54:10,윤정현,5,타사대체가 가능하여 편리성입니다,0
2023-11-16 00:15:25,강지영,5,잘 사용하고 있어요. 다크모드 설정할 수 있는 기능 추가해주시면 좋겠어요. 다른 금융어플들은 다 되던데..,1
2024-02-05 01:56:07,방형진,5,켄들보기가좋아요.,0
2024-01-02 08:47:08,츄(린네),5,관심종목 모아놓은것 중 수급이 이탈하여 지우고 싶은종목이있는데 상단 들어가서 일일이 지우려니 불편합니다. 손가락으로 몇초 누르면 지울수있게 (종목을 삭제하시겠나요? 문구)하는 기능좀 추가해주세요 종목검색에서 패턴으로 찾기 그런기능도 넣어주세요,1
2024-01-04 08:11:13,최종숙,5,삼성증권에서 요주음알기쉽게 좋은 서전과문구도많이넣어줘서 증권을모르는 나도알기쉽게들을수잇답니다 좋아요,1
2024-01-10 00:30:18,62 kim,5,공시 되지 않은 장외채권도 전화 대신 앱으로 매도할 수 있게 해주세요.,1
2024-01-15 10:40:36,최최경환,5,증권이처음에요한번해보자고요,0
2024-01-18 15:47:37,seoyun Lee,5,앱이 복잡하지 않고 편합니다. 다크모드가 있었으면 좋겠습니다.,1
2023-12-13 09:58:03,휘주,5,아니 이거 왜 계좌 찾는거랑 로그인하려하는데 왤케 연락처로 인증번호가 안오나요??? 확인 좀 해주세요,0
2023-12-10 21:37:38,jchuj4604전춘제,5,투자초보도 쉽고 편하게 나의자산관리를 확인한수있는것 같습니다,0
2024-01-29 02:58:16,정영찬,5,주식을시작하려고앱을깔았는데뭔요구사항이많은지.,0
2024-01-29 15:24:38,한민,5,사용해보니 넘조아여^^♡♡♡,0
2023-12-10 15:39:18,김태환,5,삼성증권 너무 좋아요 믿음 있는 회사 입니다,0
2023-12-02 03:46:31,윤효섭,5,ㅡㅡㄷ 노동자,0
2023-11-29 08:40:57,이경진,5,굿,0
2023-11-23 05:23:17,산수국,5,자꾸 주기적으로 업데이트하는게 힘들다,0
2023-11-21 07:49:44,Back Vans,5,완벽한앱. 더이상 업데이트되면 안될꺼같은 진짜 완벽한 증권앱 (근데 종목명 긴거 글자크기를 대폭축소기능이라도 있어서 한줄로 잘 정리되었으면 하는 작은바램이에요) 두줄로 넘어가면 좋은주식인데 보유하기싫어요. ETF포함 ^^,8
2024-02-04 06:29:56,seungwoo Choi,5,사용하기 편하고 좋아요,0
2024-02-04 14:05:18,막기타JOO,5,삼성은 영원한 삼성,0
2024-02-04 15:45:03,danny jeong,5,차트 봉 사이 간격을 왜이렇게 띄워놓으셨는지... 굳이 하실거면 설정란에 차트 봉 사이 간격을 0까지 조절 가능하게 할수있는 기능 넣어주세요,5
2024-02-04 23:29:23,이두리,5,없음,0
2024-02-04 23:47:56,시중당,5,좋아요,0
2024-02-05 00:33:32,박숙희,5,새로 만들어 보고 싶습니다,0
2023-11-17 16:13:42,Jj C,5,로그인이 안돼,1
2023-09-29 02:16:16,jhws 0816,5,"삼성증권 앱 잘 사용하고 있는데요 아래 홈, 좌우 스크롤 메뉴, 메뉴 이부분이 해외주식으로 넘어가면 제가 세팅해놓은 좌우 스크롤 메뉴가 바껴요. 해외주식으로 넘어가도 아래 세팅해놓은 좌우 스크롤 메뉴 안바뀌게 해주세요.",1
2024-02-17 10:23:27,timothy jeong,5,꾸준히 개선되는 앱입니다. 1~2년전에 UI/UX 개선을 촉구하는 평가를 남겼는데 2024년 지금은 많이 개선되었네요. 이제는 성능적인 개선만 이뤄지면 더 좋을것 같습니다. 파이팅!,39
2023-09-18 18:26:33,다시다,5,ㅣ 노해로75길 대놓고 늑니,0
2023-09-10 10:35:27,조병헌,5,주식주문과판단하기쉽개나왓어요참좋아요,0
2024-04-18 06:17:02,오길자,5,없음.,0
2024-04-04 13:02:17,JH K,5,"잘 사용하고 있습니다. 쓰면서 추가되엇으면 하는 기능이 있어서 2개 남깁니다. 1. 다크모드 추가기능있었으면 좋겟습니다. 2. 배당캘린더 기능이 있으면 유용할 것 같습니다. (기간별로 지금까지 받은 배당금 조회가능, 배당 공시된 종목은 미리 향후 수령예정금액 등 확인가능)",0
2023-09-15 08:12:47,조찬숙,5,Pc에 저장해논 검색식을 어플에서볼수잇게 추가해주시면 너무너무감사하겟어요~~ 영웅문은잇던데..안되는건아닌듯요..,3
2023-09-15 08:11:23,개복치,5,사랑합니다,0
2024-04-23 12:03:57,권라파엘라,5,권현,0
2023-09-15 08:00:50,김병기,5,"국회의원 이재명 침입,",0
2024-04-30 08:02:35,정준석,5,위젯 다크모드 좀 만들어주세요. 삼성증권 위젯만 흰색으로 너무 촌스러워요. 그리고 위젯도 크기별로 다양하면 좋을것 같아요 한개 종목(1×1) (2×1) 등등 그러면 바탕화면에 깔고 굳이 어플 실행안하고 위젯으로 시세만 확인도 가능하고,1
2023-09-10 08:58:02,노호룡,5,재산,0
2024-04-09 08:11:15,소성화,5,"😍ㆍ,",0
2023-09-08 05:26:20,김동현,5,다크모드 제공은 없나요?,0
2024-04-23 00:53:23,강민영,5,혹시 종합잔고에서 특정 계좌들 숨기기 기능 같은건 없을까요? 연금계좌까지 종합잔고에 포함되서 나오는데 연금계좌는 보고 싶지 않거든요.,0
2024-04-23 01:11:15,김태윤,5,삼성증권 4년정도쓰다가 키움이나 미래써야하나 고민했었는데 최근 hts패치 진짜 좋습니다 유일하게 태블릿 전용어플도 출시하고 여러방면에서 트랜드를 주도하고 편의성개선해주려는게 느껴집니다 삼성증권에 남습니다 hts mts 양쪽 개발자분들 모두감사합니다,0
2023-10-30 23:40:50,양연승,4,비밀번호 5회 틀려서 로그인 안되는데 방법 좀 알려주세요 ㅎㅎ,0
2024-03-12 18:24:28,지니,4,위젯설정이 안됩니다 관심종목이 클릭되지 않음.. 어떻게 설정해요?,0
2023-09-18 05:02:40,마민환,4,¾464,0
2024-03-17 06:35:34,최국영,4,대한민국최고니까느ㅡㅡ,0
2023-11-14 03:10:40,김경한,4,액중단으로 제거후 새로설치함,0
2023-09-15 13:53:18,CY N,4,호가창에 vi 표시되게 해주세요,0
2024-03-07 16:53:20,민지은,4,20달러 줘서 소수점 구매 했는데 0.3 달러 매수 안됨. 다시 수거해감ㅋㅋㅋㅋ무슨 이벤트를 이런식으로 하나요 거래 안한것도 아니고ㅠㅠ 그리고 즐겨찾기 메뉴 제가 원하는걸로 설정못하나요? 못찾는건지.없는건지..,0
2024-01-30 16:43:28,1618 fb,4,야간모드 제발 만들어주세요 눈알 빠질거같아요 제발 좀,1
2023-09-06 15:30:04,힘찬하루,4,"다른 여러 증권사도 사용하지만, 키움과 삼성증권 mts 가장많이 쓰고 있습니다 감사합니다 ^^ 다른 증권앱에 비해 단순하면서 직관적으로 사용할수 있어서 좋은것 같아요 근데 하나 아쉬운게 매수 할때 수량단위가 아니라 금액단위로도 매수 하고 매도 할수 있었으면 좋겠어요 ㅎㅎ 분할 매수하기 너무 불편해요 ㅎㅎ",161
2024-04-29 04:39:45,RAIN JYU,4,앱 잘 이용하고 있습니다. 그런데 해외주식 잔고/손익란 현재가에 국내주식 잔고처럼 상승인지 히락인지 빨강 파랑으로 표시해 주시면 더 편할 것 같습니다.,0
2024-03-14 03:48:26,Kim Julsoon,4,좋은 앱 만들어주셔서 감사합니다. 추가적으로 아래 사항들도 개선에 반영해주시면 좋겠습니다. 1. 환전 메뉴에서 환전시에 우대환율이 몇퍼센트로 적용되는지 같이 표기되면 좋겠습니다 2. 상품 거래시에 매매수수료가 몇퍼센트로 적용되는지도 같이 표기되면 좋겠습니다 3. 이벤트수수료 적용 확인 메뉴에서도 적용되는 수치가 함께 표기되면 좋겠습니다,21
2023-09-25 00:09:34,박석우,4,다른화면은 안그러는데 주식잔고 화면을 열어둔채로 홈버튼누르고 다른 앱 사용하다가 다시 mpop을 열면 로그아웃이 되어있음. 환장하겠는데 이유를 모르겠어요,2
2024-02-09 10:05:01,성우진,4,훨씬 인터넷망전환이 안정되었음,0
2024-03-28 04:53:07,김동철,4,ㅗㅡㅡㅅ8ㆍ ㅊ8 ㅇ ㄱㄴㅅㄴ 성남시 ㄴㅂㅇ8ㅎ 한번 ㅇㅈㆍ5ㅣㅣ,0
2023-11-03 06:26:10,김승환,4,공모주 청약을 쉽게 할 수 있어서 좋아요,1
2024-01-02 04:04:03,도시현,4,폰 바꾸면서 재인증하려는데 신분증 촬영 화면이 파랗게만 나오고 아무 동작도 하지 않아요. 빠른답변 감사합니다. 업뎃후 작동하네요.,2
2023-09-03 00:25:48,이철재,4,ㅡㅝ추48ㅑ88ㅑ88ㅑㅑㅑ8ㅑㅑ8ㅑㅑㅑㅑㅑㅑㅜㅡㅕ⁸아 0ㅣㅔㅣㅔ0ㅔ0ㅑ,0
2023-12-29 17:43:09,parkgiill법오,4,ㄴ도,0
2024-02-20 04:24:21,잘살아보세석지니야,4,Isa계좌 1월에 만들었는데 cma 계좌로 바꾸고싶은데 가능할 가요,0
2024-01-05 08:14:08,이호욱,4,"글씨크기 80% 제일 작게 설정해도 각종 메뉴, 값들의 글씨 크기가 큽니다. 좀 더 글씨 크기를 줄이는 옵션이 있었으면 좋겠습니다.",2
2023-12-28 21:14:59,권.,4,알림설정종목 30개인데 40~50개로 늘려주세요. 너무 불편해요. 주식예약주문시 수정기능도 추가해주세요 삭제하고 재입력해야되서 매번 불편해요. 첨 앱로긴 시간이 안그래도 긴데 더길어진듯. 이미지빼고 빨리 뜨게 하시면 안되는지,1
2023-09-29 04:54:19,투자왕 (단타꾼),4,ㅇㅋㅋ 이따 ㅋㅋ #,0
2024-03-28 13:07:37,주현서,4,당일 체결 내역은 왜 못 봄?,1
2024-01-19 23:55:14,최용석,4,투자의 적기를 선택,0
2024-01-06 22:55:19,큰알밤,4,조아요,0
2024-02-14 23:13:00,Sky Gio,4,안녕하세요 야간에 화면 보기 눈이 아파요. 너무 하얗고 밝아서... 다크모드 화면 설정 기능은 없나요? 혹시 없으면 꼭 업글해주세요. 야간에 밤에 화면 보기 너무 힘들어요.,2
2023-12-24 05:04:03,HuJi Li,4,외국인이 계좌개설을 하려면 어떻게 해야 하나요,0
2024-01-09 06:07:28,Ready 2 ROCK,4,거래량을 삭제해도 계속보조지표창에 보이네요.불편합니다,1
2024-01-10 08:17:33,SEONA LEE,4,다른증권사에 비해 UI가 직관적이고 사용하기 편해요. 다만 자주 렉이 걸린다는게 단점입니다. 증권사앱을 10개넘게 보유중이지만 UI가 편해서 삼성증권을 메인계좌로 씁니다. 어플 반응속도만 개선해주세요,9
2024-01-11 02:17:58,min,4,추세선 그릴때 오른쪽으로 줄긋는게 딱 당일 캔들부분까지만 그려지는데 개선 좀 해주심 안되나요.. 오른쪽에 공간이 남아도는데 줄이 안그어져요. 아님 다른방법이 있는데 제가 제대로 기능사용을 못하는건지요 방법이 있다면 사용법 좀 알려주세요.,1
2023-11-13 02:51:14,장동광,4,"거래 완전 불편한... 거래단가 입력도 하나하나 숫자로 눌러줘야하고.. 다른 주식어플들 좀 보고 개선할 생각없나? 공모주청약할때마다, 불편한.. 답이 왜케 빠르지. 답이 빨라서, 별점 회복함.",2
2024-01-19 01:05:04,안현호,4,내가쓴 메모검색기능좀 만들어주세요;;,0
2024-02-24 02:06:02,노영우,4,"심플하고 직관적인 디자인은 타사보다 우월 하나, PVT지표 없음이 아쉬워요, 요즘 PVT를 넣어주는 회사(키움 KB 한국 등)가 늘어나고 있는추세 입니다. 끝",1
2023-10-26 11:33:25,최백균,4,키움과 미래에셋 처럼 다크모드와 접속 시 뜨는 하단 팝업창을 아무대나 눌러도 꺼지게 되면 좋겠습니다,0
2024-02-08 00:52:33,Memento mori,3,"제발 네이버증권에도 있는 분기챠트 좀 만들어 주세요. 월봉에 60분,30분 챠트만들듯 월봉에도 4/4 분기 만들어 주세요 10년동안 건의 중",0
2024-02-05 00:33:16,라이칸 TV,3,편안하게 사용하고있읍,0
2024-02-15 07:27:50,배성민,3,관심종목-최근조회 목록삭제한적도없는데 왜자꾸 삭제되는지? 고정시키는방법없나요?,1
2024-02-09 06:41:48,릴리뚐,3,봉중심선은 없나요?ㅠㅠ,0
2023-11-25 17:08:15,이정훈,3,지문 로그인 팝업이 안됩니다.. 기본은 되게 합시다 쫌,0
2024-02-03 05:00:33,MaMa Park,3,역시... 마지막 업데이트 이후 멈추는 현상 있는게 나만 그런게 아니었군요. 대체 뭘 건드렸길래 처음 시작할때랑 app. 내렸다가 다시 띄울때 3초 정도 freezing 이 생긴건가요..,3
2023-12-11 03:55:28,Ready 2 ROCK,3,보조지표에서 삭제해도 계속 거래량 차트가 살아나요,5
2024-01-01 14:10:01,Hosung Ryu,3,"계좌 개설할 때 신분증 촬영해야되는데, 카메라가.안켜지네요 ... 갤 s23 플러스입니다",1
2024-01-02 00:54:01,루빠,3,계좌계설이 안됩니다. 모바일신분증도 다음으로 안넘어가고 신분증사진은 파란화면으로 에러만 납니다!,1
2024-01-03 15:13:15,장지훈,3,사용하기 편합니다.,0
2024-01-08 04:35:42,이창길,3,잘안되네 확인해야되는데 외이러는지,0
2024-01-13 04:18:24,김뚜두,3,메인홈 주요지수 뭐뭐볼지 편집안돼요? 국장 홍콩 중국 지수ㅠ궁금하지도 않은데 이거만 바로보이고 나스닥은 더보기 눌러서 봐야돼요? 편집기능을 주던가 중국 홍콩지수를 밑으로 내리던가... 이거 디자인한애들 다 잘라야됨. 이거땜에 짜증나는사람 은근 많을걸요? 진짜 이거하나땜에 나무나 미래에셋가고 싶음,1
2023-09-04 00:19:06,가을,3,"잔고 보유에 평균단가,현재가,평가금액,매수금액,평가금액등 한번에 보이면 좋을것 같습니다. 다른증권사 쓰다 넘어왔는데 스크롤로 되어있어 불편하더라고요. 보기좋고 사용하기 편하게 바뀌면 좋을것 같습니다.",0
2024-01-19 07:49:13,김기현,3,자꾸 최근 조회목록이 날라가는데 자동으로 핸드폰 내에 정기적으로 암호화된 파일로 백업되게끔 해서 파일은 있는데 최근조회목록이 없으면 복원하는 기능좀 만들어주세요,7
2023-12-20 00:38:04,기태호,3,맵을삭제되어서 재설치가안되는데 어찌하면설치가 가능한가요,0
2023-12-17 21:29:49,석이네,3,최근조회한 목록이 종종 몽땅 없어집니다. 삭제도 안했는데 말이죠. 이유가 궁금하네요,1
2024-01-31 10:22:27,異邦人이방인,3,"안녕하세요. 그래도 리뷰에 대한 답변을 잘 남겨주시는 것 같아 희망을 담아 문의 드립니다. 최근부터 갑자기 앱구동시 혹은 다른 앱 사용하다가 다시 전환 시 앱이 렉이 걸린듯 수 초간 홀딩되는 현상이 발생하고 있습니다. 며칠간 사용하다가 너무 불편해서 세팅 다시 할거 각오하고 삭제 후 재설치를 했는데 현상이 동일 하네요. 관련하여 최근 업데이트와의 영향도는 없는 것인지, 비슷한 오류가 접수된 경우는 없는지, 다른 조치 방법이 있을지 문의 드립니다. 추가로, 이건 건의 사항인데 배당금을 정리해서 볼 수 있는 별도 메뉴가 있으면 좋겠습니다. 현재는 거래내역 메뉴에서 확인 가능한데 다른 입, 출고, 대체 이력이 다 같이 보이다보니 종목별 배당금 이력을 정확히 확인하는데 어려움이 있습니다. 그리거 차트내 분 선택 항목개수 좀 늘려주세요. 너무 적네요.",253
2024-02-02 16:19:09,에임하이,3,업데이트 이후 렉이 자주 걸립니다ㅠ 다른 분이 쓰신 것처럼 앱전환시에도 그럴 뿐만 아니라 처음 로그인 화면에서도 몇 초간 대기상태가 지속 되었다가 로그인이 된다던지... 앱이 응답없다는 창이 뜨기도 해요~ 주식은 타이밍인데... 앱 안정성 및 속도 좀 조정해 주세요~!!,75
2023-09-06 23:53:40,강성욱,3,뒤로가기 했을때 최종 정렬 해놓은 그대로의 페이지가 좀 나오게 해주세요! 예를들면 주식잔고에서 수익률별 오름차순 정렬 해놓고 개별종목 확인하고 뒤로가기 누르면 정렬순서 무시된채 그냥 순서없이 노출 됩니다. 또 정규장/단일가 순위에서도 단일가에서 개별종목 확인하고 뒤로가기 누르면 다시 정규장 순위로 노출됩니다 매번 정렬하거나 원하는 정보를 다시 검색해야 하는 불편함을 없애 주세요,29
2024-01-31 15:36:36,B,3,"즐겨찾기 바가 진한 블랙 색상이어서 화이트 색상인 전체 화면과 너무 대비 됩니다. 색상이 너무 극단적으로 대비되다 보니 즐겨찾기 바 부분에만 폰 액정 번인 현상이 발생하고 앱을 종료하더라도 즐겨찾기 바 모양의 화면 잔상이 생깁니다. 색상 대비가 강해서 시인성은 좋으나, 모바일 이용자의 기기 보호 차원에서 액정 번인 현상을 줄일 수 있게 즐겨찾기 바 색상을 조금 더 화이트 색상에 가까운 연한 그레이로 조정해줬으면 좋겠습니다.",18
2024-02-01 00:21:10,성름이,3,이거 A라는주식 관심종목 등록했다가 다시 빼는거 어떻게 하나요?,1
2023-11-26 21:03:37,Hanna Leehong,3,해외에서 접속이 안됩니다.,0
2024-02-02 00:11:29,ManOfSteel,3,아래 어떤 분도 남겨주셨는데 최근 앱에서 랙이 엄청 걸리네요 점검 부탁드립니다,1
2023-11-25 07:43:44,zinzin zin,3,연금계좌 보유종목이 관심종목 > 보유종목 탭에 표시가 안되요. 표시되게 해주세요.,1
2024-02-02 01:51:55,Cheiron,3,최근에 앱을 열면 수초간 메뉴터치나 메뉴 드래그 등이 안되고 멈춤현상이 발생합니다. 확인부탁드립니다,2
2024-02-02 03:31:24,Leo_Sniper,3,최근 리뷰에 저랑 동일한 현상을 겪는 분이 계시네요. 제 폰이 잘못된 건줄 알았습니다. 수초간 반응없고 mts 자체가 너무 느려졌습니다. 오류 같은데 확인부탁드립니다.,4
2024-02-02 03:31:56,박소연,3,앱 사용이 안되네요 메뉴만 누르면 작동이 안됩니다,1
2023-11-06 03:32:05,미완성,3,21년도부터 삼성증권 이용자인데요..이앱은왜 순위가 조금뿐이안나오나요 우리나라 주식종목이 몇개인데...맛만보라는식인가하는 불신이드네요 다른증권사로 옮길까도 생각중인데 그래도 깔끔해서 여지껏사용중인데 빠른업뎃으로 종목순위도 마니마니 늘려젔으면좋겠네요.. 다른 증권사는 나오든데 왜삼성증권사는 과부하라는 이유로 업뎃을 안하는지요?그럼다른증권사는 어떻게 과부하가안걸리는지요?..이해가안가네요,23
2024-04-22 03:38:16,blue M (Bluemushroom),3,Rp 매수가 너무 번거로워요... 매번 살때마다 약정 넘기는데 3초씩 걸리고 답답해서 미치겠습니다. 전액손실 가능한거 아니까 요약본만 올리던 개선해주세요. 다른증권사랑 비교되네요.,0
2024-02-16 16:31:06,강승인,3,다크모드 좀 제발 좀,1
2023-10-16 07:06:09,올디너리소피아,3,삼성증권원격지원 앱이 보이스피싱 주의가 뜨는데 왜이러는건가요? 여기 공식앱에 들어가서 다운했는데,0
2024-04-12 04:55:46,Center C,3,해외주식 차트에서 평단좀 볼수있게 해주세요 어려운거 아니잖아요,0
2023-10-25 22:35:54,홍삼형제,3,안녕하세요... 최근조회 리스트 좀 리셋되지않게 해주세요... 종목 찾아놓으면 없어지고 또 찾아놓으면 없어지고....제발여 다른건 불편한 점 없습니다...,1
2023-10-24 03:11:34,모스퀴토헌터,3,아무리해도 로그인이 안됨 금융앱인데 이렇게 부실하게 그지같이 만든거 처음본다.,0
2023-10-22 12:17:27,조영민,3,차트에 [거래금액] 지표 추가하면 마지막 날짜 거래금액 이 두개씩 표시되어서 봉이 하나씩 밀립니다 수정 부탁드려요,54
2023-10-22 01:42:47,So t,3,다크모드 만들어주세요. 해외지수든 야간선물이든 실시간 차트보이게 해주세요.,0
2024-04-06 23:12:34,마스터,3,2년전에도 말했는데 키움처럼 mts도 매매일지 기능좀 해주세요 b s 마크요 ~ 키움처럼 트레이딩 기능을 살려야 수수료 많이 받을거아닙니까 ~~ 2년전말햇는데 고려한다드만 피드백을 안하네 ㅋ ㅋ 진짜 답없다,0
2023-10-11 15:14:23,김영민,3,장마감 후 전일 거래금액이 금일 거래금액과 똑같이 표시되고 있어요. 고쳐주세요.,0
2024-03-05 02:00:52,빅아이 (BigEyes),3,"인증체계에 문제가 있어 계좌개설을 진행할 수 없습니다. 모바일신분증으로 인증시 이 앱을 켜느라 중간에 연결이 끊겨 '접속을 다시 시도합니다(1)' 안내가 떠서 개설작업이 초기화됩니다. 일반 신분증으로 만들려고 할 경우 1원 인증작업이 있는데, 은행앱을 켜고 확인하고 돌아오면 '접속을 다시 시도합니다(1)' 메세지와 함께 초기화됩니다. 앱을 만들고 배포하는 과정에 계좌생성시 성공적으로 되는지 확인하는 절차 및 테스트 케이스가 누락된 것으로 보입니다",1
2023-10-10 22:59:33,유상진,3,"주식굴링가입했고 매매현황이나 잔고 확인하려는데 타임스템프 , 오류 550 에러 , 로그인안됌 이런 오류가 계속 떠요~ 어쩌란거에요",0
2024-04-03 05:14:07,JH LEE,3,차트에서 분할화면에서 종목 동기화가 안됩니다. 저장하고 해도 다시 동기화안되고 분할화면 상하종목이 연동 안됩니다. 종목과 주기를 동시에 동기화선택시만 되고 하나만 선택시 안됩니다. 또한 분할로 해두면 종목이 변경이 안되고 고정됩니다. 빠른 수정 바랍니다. 차트 사용성도 개선해주세요..차트를 길게보면 상고가 너무 높게되어 작게 보이는데 pc처럼 조정되게 부탁합니다. 차트 데이터도 1000개까지 가능하도록 해주세요,45
2024-04-03 01:43:29,정선량,3,접근권한이 없어 안 열림입니다. 풀수 있는 버튼도 없이 다칩니다. 다시깔아야하나요,0
2023-09-22 08:50:28,이제훈,3,폴드5인데 앱실행하면 실행되다가 사라지는현상이 있음,0
2024-04-01 02:30:55,ㅂㅅㅇ,3,지금까지 잘 사용했는데 오늘 갑자기 구동이 안되몀서 버그가 있다고... 다시 업뎃하라고해서 하면 또 안되네요.,0
2024-04-01 10:24:46,이한영,3,.. . ' ' . .' . . . .,0
2024-04-12 08:43:10,피까,3,앱알림도 켜놨고 휴대폰 알림도 켜놨고 정보동의도 다 했는데 현재가 팝업알림이 안떠요,0
2024-03-18 06:44:08,이현수,3,겔럭시 24시리즈 알림창에 관심종목 볼수있게해주세요.,0
2023-11-02 20:48:27,Kim Rashid,3,이전에 있던 패턴으로 종목검색하던 기능이 사라졌는데 다시 살리실 생각은 없으신지요,1
2023-11-02 08:00:07,N N,3,HTS에서 차트 부분의 삼성전략이라는 차트가 있습니다 모바일에서는 이런 기능이 대거 안되는데 삼성전략 모바일에서 사용하게 업데이트 부탁합니다,1
2024-04-15 10:15:15,이노타베네,3,금 현물 거래하려고 조회/주문시 아무것도 뜨지 않습니다. 지우고 다시 깔아봐도 마찬가지에요. 계좌만 만들었지 거래를 할 수가 없네요,0
2024-02-29 20:36:03,오준택,3,2024.03.01 기준 갤럭시s22 현재 접속안됩니다. 최대한 빨리 수정 좀 해주세요,1
2024-01-18 04:36:30,전경재,2,etf 자동매수 기능 있나욤?,0
2023-09-19 08:01:57,Sooyoung Lee,2,자녀계좌개설 서류첨부단계에서 업로드안되고 계속 어플 첫화면으로돌아가는데 창구에서는 모바일로하라고만 앵무새처럼 반복하시네요 핸드폰문제이니 모르신다며..에러개선해주세요,1
2023-12-11 04:16:18,프리리엄,2,"주문과 예약주문 가격입력창에서, 호가의 % 표시하는게 왜 안되나요? 다른 모든 증권사 앱에서는 되는데, 유독 굳이 삼성증권에서는 안되게 하는 이유라도 있나요? 고객의소리에서도 글을 써 봤지만, 하반기에 검토한다는 뻔한 소리만... 어려운 것도 아닌데 도대체 왜 그럴까요?",6
2024-02-02 02:51:24,Dongwon shin,2,어제 업데이트 이후 앱 들어가면 실제 구동되는시간이 엄청 오래걸립니다. 관심종목을 첫 화면으로 해놨는데 첫화면 뜨고 실제 종목 들어가려고 하면 한참 기다려야 되네요.,2
2024-02-23 11:23:15,Bong Qoo,2,갤럭시24울트라로 바꾸면서 앱을 업데이트 하였는데 그 후 부터 설정되었던 주가 알림이 대부분 오지않거나 어쩌다 가끔 와도 20여분 뒤에 오는 현상이 발생했습니다 카카오톡 알림은 오는데 앱 자체 팝업 알림이 안되는것으로 보아 안드로이드 버전 14와의 호환문제 일수도 있다라는 생각이 듭니다 핸드폰 설정값이나 앱 내 설정을 모두 확인했으나 별다른 특이점이 없으니 검토 부탁드립니다,69
2024-03-12 15:59:26,yuseong magic,2,잔고편입 자동매도 기능 넣어주세요. 다른 증권사 거의 다 있는데 삼성증권에 없는게 이해가 안되네요.,0
2024-02-02 00:43:56,김도비 (김도비),2,앱 전환시 버벅거림이 심하네요. 다른증권사들과 같이써도 삼성증권만버벅버벅버버버버버버벅,2
2024-02-02 00:15:07,뭉청,2,갤럭시 플립4. 시작하면 화면이 멈춰서 아무것도할수없음. 삭제후재설치해도 안되네요,2
2023-10-01 08:31:16,SJ Lee,2,재설치하고 있는데 접근성이 별로네요,0
2024-03-20 13:49:43,포푸리,2,본인인증 하는데 인증번호 받으려고 브라우저 갔다오면 초기화면으로 돌아가 계속.. 횟수초과로 차단까지 갔네요. 아오...,0
2023-12-26 11:55:20,신영근,2,별루임,0
2023-12-28 03:38:15,hyunsoo ji,2,아무튼 업데이트된 이후에 로딩 시간이 거북이에서 달팽이로 바뀜,0
2024-05-02 02:38:10,조대현,2,매시각 증권 알림 설정을 해놓았는데 뜨지 않고 있습니다. 권한설정도 다 해놓고 재설치도 해봤는데요!,0
2024-01-10 01:04:22,경영희,2,근데 앱이 잘 안열려요 지금도 앱중지만 자꾸뜨고 안열리네요,1
2023-10-06 03:26:23,루꺙꺙이,2,신분증 인식시 주민번호입력하라고 나오는데 막상 입력할 수 없습니다. 개선 필요합니다.,1
2024-01-31 04:27:02,행복한부자s,2,어플간 전환시 즉 다른어플로 갔다 다시 삼성증권 어플로 돌아올때 랙(딜레이)가 발생하는데 어제 업데이트 후부터 발생하는것 같네요. 짧은 시간이지만 엄청 답답하네요.,7
2023-09-03 23:06:54,c park,2,"매번 리뷰 남기지만 개선이 전혀 안 되어서 다시 의견 드려요. '최근 조회' 종목들이 어느 한 순간 다 사라지는 현상이 지속되네요. 매번 답변은 조치하겠다고 하지만 몇 년 째 바뀌는 게 없네요. 이번에도 '조치하겠다'는 답변 주실 거 같지만, 이런 오류 없도록 관리해주시길 바라는 마음에 다시 의견 남겨요.",26
2024-01-16 03:34:18,빡센 트래블bs travel,2,다른 증권사 어플 대비 너무 버벅됩니다 주총 가서 말해야되나요 ㅡㅡ 너무 심하네요,5
2023-10-17 03:33:10,김명섭,2,M : r cnb made,0
2024-01-01 11:47:01,ᅵᆞᅳ,2,폰 바꾸고 로그인 화면에서 도대체 왜 계속 민증촬영화면이 파란색만 떠요?,1
2024-03-05 10:55:07,변지웅,2,"해외 관심종목 ""보기방식""이 한줄보기(넓게)로 설정해두었는데 두줄보기로 계속 접속할때마다 바뀝니다 한달이 넘었습니다 빠른 개선 바랍니다 진심으로 너무 불편합니다 주변에 삼성증권 사용하는 지인들도 다 불편하다고 합니다 타 증권사 대비 어플이 너무 불편해요 기능도 떨어지구요 차트 보조지표 스토케스틱 과열, 침체구간 색상채우기 건의 드린지도 반년이 넘어가는데 개선도 없구요 해외 지수 보는거도 추세, 이평선 등 설정 할 수 있겠금 제발 좀 바꿔주세요 왜 삼성증권 쓰던 사람들이 키움으로 다 넘어갈까요 개선 건의 중에 합리적인 건은 수용좀 해주세요",31
2024-01-03 15:19:51,서대수,2,새해복많이 받으세요 항상 감사합니다 ^^,0
2024-02-05 00:03:52,으이그몬사라TOM,2,나무증권의 반만큼이라도 가라~~~。 삼성이라는 브랜드 명이 아깝다. 그래도 내가 사용 중이니 별 하나 줄 수 없어서 두 개 준다. 너희는 다른 회사 앱과 비교 테스트 같은 거 안하냐?,2
2024-04-02 01:08:57,hoho ho,2,와 ㅋㅋ 내가 모든 증권사를 써본건 아니지만 4개중에 여기가 가장 느리고 가장 불편함 ㅋㅋ보유종목은 왜 홈에는 오류로 안보이고 자세히보기 눌러야 보이는거야 ㅋㅋㅋ 수수료 이벤트해서 별점 하나는 더 드립니다,0
2023-09-25 05:31:26,Parkjongmin Park,2,매매 시 세금 및 수수료 표기 하는 법 없나요?,0
2024-04-16 00:33:59,도비비,2,주식목록 클릭하면 맨위항목으로 올라가는것좀 수정해줘요 매번내리기 너무불편해요,0
2024-02-14 16:53:34,김가네아름다운 사람,2,랙이 종종 걸리고 처음 로그인할때 지문인식을 단번에 못함. 다른 증권사는 단번에 하는데. 너무 불편함. 거기다 조금 다른거보다 들어가면 다시 로그인해야함. 업데이트 해주시길,1
2023-09-08 06:22:29,뭐가뭐지,2,연금저축 irp isa 정해진 날짜에 종목 설정하여 자동적립매수할수 있게 업데이트 부탁드립니다 매달 매수하려니 고민에 빠집니다 한국투자에는 자동적립 매수 설정있어 편하네요,0
2023-09-26 03:46:08,주혁범,2,ㆍ으ㅡㅁㅅㅇㆍᆢ오신ㄲㅅ,0
2024-01-01 07:22:46,별모양찐빵,1,앰으로 비대면 개설이 안됩니다 수리바랍니다,0
2024-01-01 05:00:17,민병규,1,계좌개설시 신분증 촬영이 되지 않습니다.(파란 화면)재설치 해도 다른 태블릿으로 해봐도 안되고 형편없네요,1
2023-10-10 09:11:30,j욜로,1,핸드폰 알약 검사후 재부팅하면 검색종목 다 사라지는데 한두번도 아니고 왜 그럼? 쓰래기 앱이라그런가 옴겨야겠어 쓰래기 앱,1
2023-12-23 02:14:42,나요,1,각종 오류가 심하네요 .. 별 하나도 주기 아깝네요..,0
2023-10-10 01:11:23,in Ha,1,인증서를 발급중에 전화번호 인증을 하는데 인증번호가 메세지로 와야하는데 안오네요,0
2023-11-03 00:20:38,중스트롱,1,지문등록 좀 되게해주세요,0
2024-01-01 04:37:13,Sujin Shin,1,"OTP 발급하고 싶은데, 신분증 확인도 안되고 문자 인증도 안되는데요ㅠ 불편해서 안쓰는데 꼭 써야할때마다 문제가 많네요",0
2024-01-01 02:47:42,jay i,1,"1. 비대면 실명확인하려하는데, 주민등록증 촬영하려하니 파란화면만 나오고 더 진행이 되지 않습니다. 2. 온라인계좌등록하려는데 cdd 등록안되니, 넘어가질 못해요. 이 외에도 잔버그가 너무 많아요. 너무 불편합니다.",7
2023-12-20 02:46:52,김phantom,1,Appㅇ로 모든처리가 될수는 없겠지만 가능업무범위를 좀 더 늘려주세요 콜센터전화 걸일이 있으면 가슴부터 뛰기 시작합니다. 받지 않는 전화들고 죄인처럼 떨면서 기다리는 손님은 봉인듯합니다,0
2023-10-11 00:33:28,이더키,1,"삼성증권 깔지 마세요. 타 증권사가 홍보를 위해 여러 이벤트를 하는 반면 이 증권사는 이름값만 믿고 이용자에게 아무 혜택도 없는 . 매도시 환전도 바로 못하고 기다려서 환율 떨어진 다음에야 팔게해서 손해입히고(5일에 팔았는데 11일에 환전함), 예수금에 대한 이자는 가장낮음, 찌라시만 가득한 기사란. 해외주식은 타 증권사에 옮기려면 전화까지 해야함. 특히 해외주식 하시는 분이라면 절대 이 증권사 이용하지 마세요.",0
2023-10-09 14:27:03,Wa Ha,1,모니모 가입 이벤트는 왜 리워드 안줌?,0
2023-10-11 02:21:28,Seo Bong Su Seo,1,해외주식 환전수수료5% 모르고눌렀다가 5% 삥뜯겼네,1
2023-11-07 07:04:09,최지훈,1,금현물 차트창이 안보여요,0
2023-09-22 05:18:07,Wongyu Min,1,몇일전깨지 앱을 실행안해도 현재가 알림 설정한걸로 잘쓰고 있었는대 갑자기 현재가 알림 설정한게 날라올때 삼성증권 현재가 알림 텍스트 문구들이 추가되면서 알림창으로는 설정해놓은 주식의 현재가를 알수 없게 되버려서 쓸모없는 알림들이 날라오는꼴이 됐음 주식 현재가 알려면 앱실행하는 수밖에 없게끔 되었는데 앱 수정하면 테스트는 제대로 하고있는건가요?,3
2023-09-27 00:46:54,곽희탁,1,현재가 알림 창에 종목정보 현재가가 하나도 안보임 기존에는 보였음 선택하지 않아도 !,0
2024-01-01 00:28:49,Mac Book,1,비대면계좌개설시 신분증 촬영화면이 안나옵니다. 카메라화면으로 전환 안되는 오류,0
2023-09-22 08:16:57,이인애,1,어플을다시받아서등록하는데...폰 본인인증이안되요...문자가왜. 안올까요?,0
2023-11-08 11:57:59,나건수,1,"차트에서 거래대금 표시후 차트 꾹 눌러서 거래대금 보면 하루씩 과거로 밀려서나옵니다 8일기준 8일,7일 거래대금이 똑같아나오고 앞날짜도 하루씩밀려있네요",9
2023-11-07 10:17:18,전지현,1,신분증 인식 이렇게 안 되는 어플 처음입니다. 진짜 50번 넘게 촬영해서 겨우 인식 됨. 개빡쳐서 못 쓰겠어요.,0
2023-09-26 12:00:01,shwu02,1,간편인증서 발급하려는데 등록되지 않는 사용자라고 인증이 안되요,0
2023-12-29 09:36:16,강순환,1,앱을 쓰레기같이 만들어서 문제임 로그인하래서 otp만드는루트 다 하니까 다시 로그인하래 할라니까 otp또만들래 뭐임?,0
2023-12-29 04:51:07,임포스터,1,고객센터 인력 충원 해주세요,0
2023-09-22 12:49:56,자유로운몌,1,설치하면 실행이안되고 오류나는데 어떻게하나요,0
2023-09-03 11:44:22,JE B,1,간편인증서 발급하려는데 신분증 인식이 전혀 안됩니다. 주민등록번호를 입력할 수가 없게 되어있는데 자꾸만 '처리할 수 없습니다. 주민등록번호를 입력하세요' 이 문구만 계속 뜹니다. 계속 해봐도 고쳐지질 않네요..,0
2023-12-29 01:37:28,SGT No,1,공동인증서가 없다고 더 진행이 않됨,0
2023-12-27 13:02:21,임소이,1,인증을 하라는거임 말라는 거임.....? 간편비밀번호 틀렸다고 해서 재등록하려고 인증하면 앱이 자꾸 꺼진다고욧! 다른 인증 하려해도 계속 이러니 다른 증권사 가렵니다.그동안 공모주 즐거웠네요 수고하세여^^,1
2023-12-18 01:44:47,isaac1992,1,"불편해요 1. IRP 가입시 한번에 진행이 안됨 인증서 없다해서 다시 작성 , 정상적인 로그인 알 수 없다고 진행 안됨 반면 미래에셋은 가입 하면서 막힌적 없고 막혀도 다른 방법으로 할 수 있게끔 열어놨음 2. 뭔가 사용하면서 불편했는데 나중에 생각나면 또 피드백 주겠음.. 블루윙즈 팬이라 웬만하면 삼성증권 쓰고 싶은데 진짜 속이 터짐.. 구단 운영이랑 비슷한듯",1
2023-11-15 04:43:25,이수길,1,앱이 너무 느려요,0
2023-12-13 10:45:21,양희승,1,지난번 2가지가 수정된건 알겠습니다. 이제 날짜 설정을 매매나 매수내역을 고르니 잘 되더군요. 그런데 배당금 지급일날 왜 이상하게 산정해서 주시는지 모르겠습니다. 배당락일 들고있던 주가 몇주인지도 안나오고 배당금은 세전이면서 받는 배당금은 세후로 나옵니다. 어떻게 계산을 하여 내 배당금이 나왔는지 수식을 보고싶다는 뜻입니다. 이게 그리 어렵습니까? 그리고 좀 아쉬웠던건 주식 알림인데 어째서 해외주식은 알림을 할 수 없는지요? 해외주식 수수료를 메리트로 이쪽에 옮겼습니다만 쓸때마다 불편하고 비직관적인 구성이 다른 증권사로 옮겨야하는지 생각이 듭니다.,9
2023-11-17 16:16:28,JaeWoong Chun,1,갑자기 로그인 하면 이용가능한 계좌가 없다고 나오네요. 잘쓰던 내 계좌가 갑자기 왜 없다고 하는지? 어떻게 관리하는건지 참... 한심합니다. 5분째 이러고 있네요. 이제 들어가 지는데 내 주식 다 어디갔어? 다 사라졌네? 이거 뭐지?,57
2023-10-26 02:00:40,SW J,1,"인증서 발급 신분증 촬영 후, 다음 누르면 주민번호 입력하라고만 뜨지, 입력이 불가능하네요",0
2023-11-22 05:55:03,그뤠이마시아,1,왜계속 이딴식이냐??ㅡ.ㅡ열받게하네 싹다 뽑아서 영운문으로 가야겠냐? 업뎃을 하던지 이건뭐 쫌만 지나면 되던게 안되고 아 스트레스받어!!!!!!!,0
2023-11-21 23:17:05,현근,1,아침마다 속터집니다. 너무 느려요,0
2023-11-21 09:15:58,newagepiano,1,최근조회에서 조회하지 않은것이 생겼어요 기존의 조회 한게 없어졌습니다 ㅠㅠ 다시들어가면 다른것들이 조회 되어 있습니다 왜 그러는거죠? 삼성증권 에서 바꾸는 건가요?,0
2023-10-26 04:42:25,크리스찬디올쪼끄만파우치,1,이거 앱이 왜케느린거죠?,0
2023-11-17 16:41:16,사랑정의,1,해외주식 거래해야하는데 로그인자체가 안됩니다 없는계좌라고만 뜨네요 지금팔아야하는데 손해보면 책임지세요 와 짜증나네 고객센터도 안되고,0
2023-11-17 16:26:14,김해동,1,앱 실행하는데 사용 가능한 계좌가 없다고 하는데요. 어떻게 된 일인지 별도 안내가 없으시네요.,0
2023-10-27 09:34:13,Go Bong,1,아니 다른증권사는 매수 매도할때 창에 몇퍼센트 오르로 내린거 보여주는데 삼성증권은 왜 그게안나와서 불편하게 하는겁니까,4
2023-11-17 16:16:12,께로,1,"해외주식 팔아야하는데 갑자기 선택된 계좌가 없다고 인식도 안되고 최악이네요 지금까지 잘 써오다가 꼭 팔아야하는 시기인데 어떻게 해야합니까,,, 최악",0
2023-09-20 12:40:41,김경남,1,"일주일동안 다운 받으라고 1분에 한번씩 떠서 업무도 못 보고 핸드폰도 사용할 수 없을 정도라서 다운 받아서 삼성 욕하려고 설치함 정말 돈 손해본거랑 핸드폰 사용못 하게한 삼상증권,삼성화재 광고 정말 욕나온다~앞으로 난 절대 삼성에 관련된 그 어떤것도 사용하지도 사지도 않을거다",0
2023-11-02 01:35:33,suji kim,1,지금 저만안되나요? 왜안되요? 주식팔아야되는데?,0
2023-09-19 12:30:55,장산바다,1,요새 트랜드에 안맞게 가입후 등록하기가 정말 불편하네요.,0
2023-09-09 15:03:20,이재진,1,무슨 한시간동안 사람이 많아서 안된다고 오류나고 그럽니까. 아주 주식 팔려고하면 팔수나 있는겁니까,0
2023-11-01 14:08:15,DENIZ SCAEVOLA,1,"접속안됌, 삭제후 설치하래서 삭제 후 설치 하고나니 해외거주중이라고 로그인 못하게함 ^^ 내돈 내놔",0
2023-10-31 06:13:21,YH Kim,1,"윂앞데이트하고 나니 지문인식도 좋고 한데... 로그인해서 화면 전환 몇번하면 Update 한다고 동그라미 돌아가다 왜 바탕화면만 나오고 시황 숫자가 안뜨는지? 몇번씩 삭제하고 다시깔고, 신원 확인한다고 해서 사진찍고 기다리고.... 5~6 번 하고나니 의심스러워 집니다. 개인정보 뽑아가는 사이트가 아닌지..",11
2023-09-13 00:13:34,good life baby,1,다른 어플 사용하다가 다시 mts로 돌아가면 왜 화면이 로딩이 빨리안되나요 좀 고쳐주세요 삼증만 이래요,10
2023-09-14 02:30:19,성상경,1,왜 계속 촤근조회기록 없어지나요 ㅡㅡ,0
2023-11-15 21:33:39,J.G. K,1,앱 알림을 받으려면 마케팅 정보 동의해야한다니 어이가 없네요. 그리고 메뉴 구성도 너무 불편하고 어여워요,1
2023-11-22 07:14:54,J제이,1,비번을....로그인 비번도 못찾겠구 증권계좌 비번을 모르겠는데 자꾸만 증권계좌 비번만 입력하라고하고 비번 초과오류 뜨면 재설정하게 나와야하는데 그런것도없구,1
2023-11-23 05:39:20,남상호,1,하단 확인취소 버튼이 안보이게 하면 어떻게 조작합니까,0
2023-10-20 00:15:07,이석진,1,주식 체결되면 좀 알려쥐야지 이거 너무하잖아. 키움은 화면에 체결완료 표시뜨는데 이건머 계산기도아니고.고객 입장에서 직접 사용하면서 불편한거 없나 느끼고 개선해야되는거 아님? 화가나서증권사 옮기고 헤택이나 받을까 생각중.,2
2023-11-26 02:05:57,JollyGood,1,계좌계설 동의서화면에서 다음으로 넘어가지 못해요. 버튼이 비활성화되어 있네요.,1
2023-12-12 01:51:29,이현,1,",@औ एधाढ्",0
2023-12-11 13:34:52,알라꽐라,1,광고시봙 진짜,0
2023-09-05 10:33:03,송법영,1,핸드폰 인증번호가 안옵니다,0
2023-09-06 01:06:01,윤현서,1,진짜 매우 불편해요 로그인 하기까지 과정도 길고 매수까지 과정도 길고 호가창이나 분봉차트 보다가 사려하면 놓치는경우가 매우 많아요 복잡한 과정이 너무 많아요 그래도 이벤트때 가입해서 별1개합니다,2
2023-11-15 03:32:43,러블리갱,1,갑자기 안들어 가져요 다시 깔아도 안들어 가집니다 왜이러는건가요?,0
2023-09-20 03:37:55,Jason Park,1,로그인이 되야 뭘 해먹지;;,0
2023-10-13 07:26:23,Bin Len,1,"간편인증서를 만들기 위해 휴대폰인증도 하고 이제 주민등록증을 찍었는데, 주민번호는 아무리 눌러도 입력이 안되는 칸이에요 근데 다음 누르려니 처리가 안 된다며 주민번호를 입력하라 합니다. 그런데 주민번호 부분을 아무리 터치해도 적을 수도 없고 커서도 안 뜹니다.",1
2023-12-07 03:26:56,필수,1,짜증나서 못쓰겠네요,1
2023-12-05 13:57:07,jay jeong,1,계좌인증하려고 어플 잠깐 나가면 가입 진행상황이 왜 싹다 초기화 됩니까?,1
2023-10-16 00:09:21,BG Park,1,아니 여기는 고객이 다 떠먹여줘야 수정하는겁니까? 수정보완할 사항을 여기다 적으면 전달을 해주셔야죠 무슨 저보고 다시 홈페이지가서 다시 올리라고 해요? 이 리뷰보는 부서는 어플 개발이랑 무관해요? 어이가 없네요 진짜 ㅋㅋㅋㅋㅋㅋㅋㅋㅋㅋㅋㅋㅋㅋ 서비스 이렇게 쓰레기인거 처음봄 그냥 이메일이라도 보내놓으면 되는거고 그냥 환차익 환차손 추가하라고 쓴건데 이거 이해를 못해서 저보고 사진 첨부하라는거에요?,0
2023-09-18 01:39:34,꼬가족,1,가입 특히 인증이 안됨 운전면허 촬영후 주민번호 넣으라고 나오고 입럭불가 UI부터 뭔가 불편하고 직관적이지 않음 다들 가입은 했으니까 쓰시겠죠 제가 문제인지 다른데는 잘쓰고 있음 이상함,0
2023-11-30 06:39:47,zozo90,1,공짜라서 쓴다,0
2024-01-01 11:23:28,SY Lee,1,신분증 촬영시 파란화면만 뜸 폰 재부팅하고 앱을 재설치하고 별짓을 다해봐도 안되서 포기함 증권사는 널리고널렸는데 굳이 삼성증권을 할 필요는 없지 난 간다 다시 돌아올지는 모르겠지만 제발 좀 고쳐놔라,1
2023-11-30 00:23:35,박순홍,1,챠트를 보다가 화면이 전환된 후 챠트틀 다시보면 챠트에 나와있는 모든선들이 엄청 굵어져 있습니다. 종료했다가 다시켜도 굵어진 상태 그대로이구요. 캔들보다 굵어져서 챠트를 볼수를 없습니다. 해당문제가 점점 빈도가 심해집니다.,41
2023-09-08 01:29:44,ᄋᄌ,1,왜 타사대체출고에 미래에셋증권 없는거죠?,0
2023-11-29 06:39:24,정상협,1,최악의 금융어플 본인인증이 넘어가지질않고 무한 도돌이표,1
2023-09-20 01:21:13,정호문,1,아...진짜 열받아서 거래 못하겠네... 장 중 자꾸 멈춤현상....제거하고 다운로드 몇 번을 해도 같은 현상.....진짜 거지같네...,0
2023-10-12 08:22:49,이정민,1,오랜만에 들어와서 비밀번호를 찾으려해도 불편하게 여기저기 정보 입력하게 하고 바로 찾을 수가 없게 하는 어플임. 결국에 복잡해서 못 찾음. 오류는 얼마나 나는지 하루 5번 넘는다고 계속 며칠동안 못 찾게함. 며칠째 하고 있는데 찾는대로 바로 계정에서 돈 빼고 삭제할거임. 신규로 하실 분들은 다른 거 쓰세요.,1
2024-05-05 02:08:26,조영호,1,삼성증권이 열리지 않아요,0
2024-01-01 11:47:24,JUNGHWAN MOON,1,개 쓰레기임. 핸드폰 수리받고 다시 인증 받아야 하는데 신분증 촬영을 하려고 했더니 파란 화면만 나옴. 폴드4인데 접어도 펼쳐도 마찬가지로 비율 개똥망임. 모바일 신분증 발급 받으려 했더니 ic면허증 있어야 해서 안됨. 간단인증을 패스로 하려고 했더니 계속 에러임. 걍 거래 하지 말라는 소리같음,0
2024-03-20 22:54:06,미다람,1,일봉상 거래량 지표는 삭제해도 주봉 월봉 차트보다 다시 일봉차트를 보면 거래량 지표가 살아나는데 대체 왜이런간가요 좀비인가요??? 몇달째 고쳐지지도 않고.. 에휴,1
2024-03-22 04:08:34,P C,1,"로그차트 적용하고 볼린저밴드 보조지표 쓰면 몇몇 종목의 월봉, 주봉 차트가 아예 표시가 안됩니다. 볼린저밴드와 차트의 이격이 너무 큰게 원인같은데, 미래에셋같은 다른 증권사앱은 정상적으로 나와요. 너무 불편한데 버그좀 고쳐주세요",0
2024-03-23 00:37:48,seongmin lee,1,최근조회종목이 자주 초기화되는데 왜 그런가요? 답좀 달아라,2
2024-03-23 01:25:30,이영철,1,사기,0
2024-03-23 10:09:54,유화준,1,"신규 삼성증권 계좌개설을 하려고 하면 마지막단계, 타 은행 본인 계좌 인증 시 홈버튼을 눌러 인증번호를 확인하려고 나갔다 재접속하면 자꾸만 초기화되서 처음부터 다시해야하는 현상이 반복됩니다. 3번시도하는데 똑같이 초기화되서 짜증나서 안만듬 .. 왜이러는건가요?",0
2024-03-24 14:32:39,정우진,1,계좌 개설하는데 무슨 화면 나가면 계속 재접속해서 처음으로 초기화되나요? 어이가 없네요,0
2024-03-25 06:56:33,클래식,1,로그인이 자꾸 안되요 time out 됐다고 뜨고 오늘만해도 로그인 시도를 20번가까이 했는데 딱 한번 로그인되었습니다... 사용이너무불편해요,0
2024-03-25 10:31:53,아라따따뚜,1,계좌 한 번 만드려다 열받아 죽을듯. 삼성증권은 계좌 인증하라고 1원씩 넣어주다가 파산하겠다.,1
2024-03-27 01:29:21,차산이,1,계좌 개설하는중 1원인증때문에 다른어플 갔다오면 다시 접속한다면서 튕기네요. ㅂㅂ,0
2024-03-27 03:30:50,Sj Kim,1,타사증권앱에 비해 뭐하나 찾아보기가 넘 힘듦. 좀 비교해서 개선 바람.다른데로 갈아타든가해야지 정말 짜증스럽네 나만 못하는거임,3
2024-03-27 13:45:43,HATO,1,가입을 할 수없음 은행계좌 확인하려고 앱 넘기면 재접속한다면서 회원가입 처음단계로 넘어가져서 무한반복하다 지쳐서 때려치웠습니다,3
2024-03-28 02:11:43,김현무,1,ISA 계좌 개설과정 중에 상세동의서 요약동의서 이 화면부터 뭘 눌러도 아무것도 안뜨고 다음으로 넘어갈 수가 없어서 개설을 못하고 있네욥..,2
2024-03-28 11:54:38,서병근,1,주시거래 활성화,0
2024-03-28 17:27:27,김승훈,1,직관성이 매우떨어짐,1
2024-03-28 18:10:07,uracao C,1,인증하려 은행앱 들어가고 다시 앱 오픈하면 첫화면으로 감. 이게 말이 되냐?,3
2024-03-29 04:18:01,김덕근,1,업데이트 후 삼성증권만 접속하면 모든 인터넷 연결이 끊겨버립니다. 중대한 문제인데 수정 안되는건가요?,4
2024-03-22 00:27:59,Ssal4B8,1,아니 뭐 로그아웃 하지도 않았는데 나갔다 들어와 열어 볼 때마다 로그인 하라 그래. 불편하고 정 안가게..,0
2024-03-20 11:40:36,손창옥,1,개같은앱이요,1
2024-01-01 11:55:34,a7g2et2 de63,1,어플이 cdc?인증하라고 운전면허증 사진 찍으라는데 사진 찍는 화면이 파란화면만 떠요 뭐죠?,0
2024-03-20 02:57:13,Aramel,1,갤럭시s23 터치조작이 매번 잘못 인식됩니다. 하단 메뉴바를 예로 들면 메뉴바만 옆으로 밀어보고 싶은데 앱 전체가 옆으로 밀려서! 너무! 너무! 불편합니다. 잔고내역 같은 중앙 부분도 마찬가지. 슬라이딩을 의도하지 않았는데 앱 전체가 밀리는 현상이 매번 있습니다. 몇 번이나 터치 기술을 연마해도 슬라이딩이 일관적이지 않아요.,86
2024-03-06 02:38:49,김영민,1,너무불편함 수수료싸서쓰지 수수료도 안쌌으면 안쓸 어플,1
2024-03-06 07:15:46,황정희,1,삼성이라는 이름달고 앱 구성 이 따위로 하다니 otp/보안 터치만 해도 한참 걸리고 버벅이고 오랜만에 로그인하려해도 아이디 비번 찾기 안되고 계좌인증후 들어가니 다니 otp 등록 무한 반복 결국 삼성증권 인증서 발급받았음. 이건 삼성인증서 받도록 유도하는 의도가 상당히 짙음 금감원 민원 사항임. 앱 계발자님 고객 불편사항이 무엇인지 파악하시고 타 앱도 써보시고 하세요. 앱 개발 관리 부서 책임자부터 구성원 모두 노는 듯 합니다.,3
2024-03-07 03:38:36,정승호,1,호가창 오입력 개쩌네 진짜 부분렉걸리고,2
2024-03-08 11:09:08,pacino ki,1,정말이지.. 다른증권사 어플 보신다면 이렇게 방치하지 않으실듯 해요..증권사 다른곳으로 갈아타고 싶어요 ㅡㅡ,1
2024-03-08 16:34:03,준혁최,1,호가창 매수매도할때 오입력 엄청나게 해놨네 개발자들 다 바본가?,2
2024-03-08 17:29:28,심경진,1,"앱 업뎃좀 해봐요. 미국주식 애플 2배 레버리지보는데 현재가나 차트가 실시간 거래화면이 안나오고 렉이 있는듯합니다. 키움 글로벌로보면 실시간 거래현황나오는데..왜 삼성만 그런거예요? 매매 타이밍이 어긋나니 빨리 조치좀해주세요. 그리고 잔고현황도 바뀌지가 않습니다. 답답해서 키움보니 17.95달러인데 삼성증권은 아직도 해외현재가에 17.86달러이고 정말 중요한 ""해외주식 잔고/손익""에 현재가가 17.86달러로 나오는게 말이 된다고 보시나요? 정확한 제 계좌의 평가손익이 나와야하는데..무슨 이런 말도 안되는 오류가 있을수 있나요? 빠른 조치좀 해주세요.",1
2024-03-08 23:13:44,대탈출,1,계좌개설할때 1원 인증하기하려고 다른앱 들어갔다오면 접속을 다시 시도한다면서 자꾸 맨처음으로 돌아가는데 어떻게 만들라는거임?,1
2024-03-10 14:20:33,솜둠,1,가입하고싶은데 계좌인증 할때마다 처음화면으로 돌아가서 못하겠어요. 다른 앱으로 가입할게요,1
2024-03-12 02:42:15,황남현,1,isa 중개형 가입하려고하니 처음단계 동의서 선택하면 아무것도 안떠서 가입불가ㅡㅡ,0
2024-03-14 01:04:25,James Lee,1,공동인증서를 만드려면 계좌개설이나 로그인이 필요하고... 회원가입이나 계좌개설을 하려면 공동인증서가 필요하고... 사실상 앱만으로는 시작할수가 없네요 ..,0
2024-03-15 06:19:53,silver gold,1,통합검색 누르면 로딩 기본 5초씩 걸리고 아예 화면이 안 뜰 때도 있음 다른 증권어플은 로그인 시간이 몇시간은 되는데 얘는 화면 켤때마다 재로그인해야 되서 정말 번거로움 다른 증권어플 5개 넘게 쓰는데 이렇게 느리고 답답한 어플 처음 봄 이벤트 때문에 넘어왔는데 어플 땜에 그냥 기존 타증권사 써야겠음 리뷰보면 다들 불만이 많던데 고객 다 떠나보낼 생각 아님 개발자 갈라엎어서라도 어플 리뉴얼해야하는 거 아닐까요 몇초단위로 돈이 오고가는 주식어플이 이렇게 느리고 랙 걸리면 고객이 쓰고 싶어도 못 씁니다 토스증권 같은 신생 어플이 왜 치고 올라오는지 좀 써보고 배우면 좋겠어요 직관적이고 빠른 게 최곱니다,0
2024-03-15 06:39:51,par jeni,1,아무것도 안됩니다 뭐 하자는건지....... 신분증 인식이 전혀 안되요 주민등록번호 잘 입력되어 있는데 주민등록번호 잘 입력하라고 계속 에러 납니다 성질이 나 미칠거 같아요,0
2024-03-18 10:15:23,Harry Han,1,업데이트) 2024.03.18 최근조회 목록 또 초기화됨(5번째) 진짜 최근조회종목 자꾸 싹다 사라지는거 언제 고쳐요???????? 수수료도 비싸면서 뭐 이따위야,19
2024-03-18 16:40:23,Chanung Pak,1,도대체 다크모드 언제 만들꺼에요?,0
2024-03-19 03:14:58,김경복,1,개짜증나네요... 해외주식 살땐 외화 달러 환전 전액 되더니.. 팔고나고 원으로 환전 할려니 전액 환전이 안되는 이유가 뭔가요 ? 달러는 전액 다 되고 원 으로 할땐 전액이 안되고 .. 뭡니까 ? 장난하나 .. 금액 잡아두지마소 ... 짜증나니깐..,0
2024-03-30 09:06:27,절대삽질,1,가입하려했더니 은행계좌 인증하러 나갔다만오면 처음 메뉴. 더구나 삼증센터에서 직원들 보는 앞에서 했는데도 속수무책. 돈도 많으면서 이딴 앱이라니. 별하나도 아까움. 삼증하고의 인연은 없는걸로.,1
2024-04-01 06:24:03,na Roxa,1,인증번호시스템이대체 얼마나 쓰레기인거냐더러워서 이딴앱 안쓴다 퉤,0
2024-04-02 02:25:39,박근백,1,관심목록에서 하나 골라서 차트 보고 다시 돌아가면 관심목록 맨위로 다시감. 엄청 불편함. 관심목록. 내 종목 보기가 정말 불편,1
2024-04-02 05:03:15,서병숙,1,최근조회목록이랑 관심종목이 자꾸 삭제되는데 업데이트 언제쯤 있을까요,0
2024-04-22 05:18:42,김효준,1,진짜 최악이다 가입도안된다,0
2024-04-22 08:21:21,Ji G,1,앱이 폐급으로 불편하네요,1
2024-04-22 09:21:24,강재홍,1,해외주식 주문후 단가 수량유지 설정하는것도 없고 해외주식은 일괄취소가 되는데 국내주식 일괄 취소 기능도 안되네요 C급 프로그램 수준인데 빠른 업데이트 바랍니다,0
2024-04-22 16:00:13,LEE TONY,1,버그가있다면서 어플 실행이안됨,0
2024-04-25 01:09:38,식동,1,진짜 쓰레기 어플이네 인증 요청은 안오고 전화 인증하면 다시 접속한다고 팅김 뭐 어쩌라는 거지 공모주 할려고 오랜만에 접속했더니만 어이가 없네요,0
2024-04-25 10:51:36,다시마,1,수수료 싸서 어쩔 수 없이 사용하는데 진짜 너무 불편함 유저 말을 듣든 다른 증퀀사 카피를 하든 해야 할 듯 제발 다른데도 수수료 싸져라 바로 갈아타야지,0
2024-04-25 23:13:01,DB L,1,처음 사용하는 사용자에게 매우 불친절한 앱입니다. 이렇게 접근성이 안좋은 금융 앱은 처음봐요. 증권계좌는 있는 상태에서 인증서 등록을 시킬때 ID가 없는게 문제면 ID를 생성할 수 있는 창으로 연계해줘야하는데 안해주고 에러 몇 번 뜨다가 그냥 넘어감. 신분증 촬영할 때도 주민번호 자동입력됐고 수정이 불가한데 주민번호 누락이라고 에러남(이유는 모르겠음) 투자자 정보 확인서 등록하라는데 등록 비활성... 등록할 수 있는 창으로 연계가 안됨. 뭘 어떻게 쓰라는건지 이해가 안되네요.,1
2024-04-26 03:00:51,이윤규,1,"시인성도 안 좋고, 타 증권사 app과 비교했을 때, 편의성도 한참 떨어집니다... 정말 app을 새로 개발해서 편의성을 높였으면 하는 바람... 부탁드려요 제발... 심지어 관심 설정도 순서를 마음대로 바꾸지도 못함... 맨 위, 맨 아래만 설정 가능... 너! 무! 불편합니다!",11
2024-04-28 14:08:22,정운석,1,삼성증권 POP에나 신경써라 로그인 드럽게 안되네... 진짜 원만해선 화가 안나는 성격인데. 해외양도소득세 다운 받기 겁나 힘드네,0
2024-04-30 02:41:44,박종석,1,삼성이름만 달았지 진짜 후지다 증권은.. 그냥 주식은 다른데 가서하는게 낫다.한투나 키움이나 간편인증 등록하려는데 인증만 실컷하고 다시접속합니다 리프레시되면서 계속 등록하기화면으로 빽만하네 사용이나하겠나,0
2024-04-30 04:33:58,케스쿠스,1,1.관심목록에 보유종목을 계좌별로 보여주세요 2.잔고/손익 메뉴에 평가손익 추이가 오늘 종일 안되네요 ㅠㅠ,4
2024-04-30 12:10:37,신경자,1,계좌개설 마지막 단계에서 계속 앞 단계로 돌아갑니다,0
2024-05-02 00:12:06,랑이,1,진짜 별로다.. 앱이 오류도 많고 가독성 떨어지고 복잡하고 별로임.. 그냥 kb쓸껄 괜히 여기로 옮긴듯.,0
2024-05-02 03:43:26,ᄋᄋ,1,전화상담 연결 너무오래걸림 그냥 전봐안받겠다는 뜻인듯.,0
2024-05-02 12:00:20,Jaewoo Yang,1,"계좌개설 안됨 다른 금융 연결시 숫자와1원 입금 확인후 입력시 오류, 커서가 움직이지 않고 처음부터 다시 시작, 동일현상지속으로 결국 비대면 개설 못함.",0
2024-04-21 16:21:36,Cham-Cham,1,해외에서 종목 업데이트가 안됨,0
2024-04-21 14:39:26,DH J,1,이제 하는데 보안카드 입력 뭔가요? 요즘 시대에 너무 불편하네요.,1
2024-04-20 22:47:04,young ok kmi,1,서버접속실패안내 메세지가 계속뜨며 접속이 안되요 모바일네트워크로도 와이파이로도접속해도 서버접속이 안된다는 안내 메세지가 뜹니다 자주 이런현상이 나타나는데 이용에 많이 많이 불편합니다 빠른 개선바랍니다,0
2024-04-05 03:41:46,양쉥,1,아무리해도 가입자체가안되는데요ㅡㅡ 인증만 한 20번 했는데 자꾸 초기화면으로 돌아감,0
2024-04-02 06:16:13,이수민,1,처음계좌만드는데 계좌인증하려고 1원받아서 다른은행 들어가서 확인하면 다시 처음으로 돌아가고 인증도 안됩니다. 가입을 어떻게 해야하는거죠??..,0
2024-04-02 11:53:13,이재용,1,수수료 평생 해택 가능하게 해주세요! 수수료때문에 못 쓰고 다른증권사 사용 하고 있습니다!,2
2024-04-02 13:39:11,정우지우,1,어플이 안열립니다. 중요한 정보 확인 해야 되는데 짜증납니다.,0
2024-04-03 14:10:57,김대호,1,"금일 차트 설정 초기화 돼서 다시 설정 하려는데 자꾸 오류 나서 나가지고 차트 저장 해도 오류로 나가지면 다시 만들어야 하고 일봉, 주봉, 월봉 다 따로 설정해야함 ㅡㅡ 잘 하다가 오늘 갑자기 그렇네요.",0
2024-04-04 01:50:28,평점용,1,해외 매수매도창에 퍼센트 매수매도 기능좀 넣어주시면 안될까요.. 호가창도 되게 가독성이 떨어지네요 거기다 매수매도량 조절할 때 왤케 속도가 느린가요? 증권사중 삼성이름 어케 달고 영업하는지 신기함,0
2024-04-05 00:26:27,Chungsin Park,1,서버접속이 안되거나 엄청 느림 LTE나 WIFI 모두 동일 갤럭시S24+가 문제인가 모르겠음,0
2024-04-09 08:04:29,kang min chun,1,업뎃을 어떤 식으로 했길래 자꾸 인증번호도 안 오고 로그인도 안되냐,0
2024-04-20 05:24:21,정태성,1,계좌 개설 포인트는 왜 안주는거니? 삼성도.이정도 인가??,0
2024-04-12 06:24:11,JIEUN LEE,1,세상이 어느땐데 보안카드를 요구하는건가요..놀랍다진짜 // 댓글이 달렷대서 왔는데 내댓글이 안보임....삭제했음?,0
2024-04-12 22:42:20,이하여 (이하여),1,삼성증권 업데이트 한번 안하나요 인간적으로 차트 보는거 엄청구리지 않나요 삼성증권 차트 줌아웃 컨트롤도 힘들고 잘안되고 차트로 가격 보기도 힘들고 4년째 쓰긴 하지만 매수 매도 히기전 키움증권으로 차트보면서 합니다,0
2024-04-14 01:01:54,동황태일,1,진짜 어매ㄷㅈ새들이 만들었나 계좌개설부터 제대로 못하게 만들었네,0
2024-04-17 14:41:28,Drkhk Nei,1,이벤트 조건이 좋아서 옮겼는데 왜 이렇게 불편하니 왜ㅠㅠㅠ,0
2024-04-18 08:59:35,퍼런슬러쉬,1,"환전시 금액을 확인했더니 환차가 6%나 차이나네요...? 신규회원 한정 이벤트로 매도 수수료가 0.03%, ETF의 경우 0.0008% 추가로 0.0308%인 것과 환율 우대 100%는 만족할만한데 환차 6%는 좀...",1
2024-04-18 10:13:16,Hara Onyu,1,전화를 안받아 앱에서 문의를 해도 답변도 안주고 클로버 번호가 아니더라도 지역번호라면 웬만하면 넘어갈건데 1588 쓰면서 전화안받으면 뭐하자는건가 다 쳐놀고 맨날 진행중인 상담이 늦어진대..며칠째 전화연결이 안되는게 있을 수 있는일인가,11
2024-03-05 16:34:44,Hfhjfns Xghe,1,해외주식수수료이벤트한다면서 수수료는 그대로받아먹고 이 문제때문에 고객센터전화하니까 대기건수많다고 받지도않음. 문의게시판글남겨도 답변달지도않고 참 ㅋㅋㅋ 걍 수수료좀 더내고 다른증권사 가세요,1
2024-03-05 14:24:46,PP P,1,"다크모드 요청드립니다. 또한, 주식 관련 뉴스 탭에서 각 기사마다 폰트 크기 조절이 가능하도록 되어 있습니다. 매번 크기를 키워가며 보려니 불편합니다. 일괄 폰트 크기 조정이 가능하면 좋겠습니다",0
2024-03-05 06:37:28,Killa K,1,주문창 개선 좀 요 주문 할때 잔고 예수금 나오게 하는게 어렵나? 왜 왔다갔다 뺑뺑이 시키는거임? 정말 구식 옛날 방식 플랫폼임 직관적인 주문 부분이 하나도 없음 개발자가 나이가 많아서 뇌에 문제 생긴 늙은이임? 개선 좀 하자 너무 불편함,1
2024-02-01 20:33:11,Jake Kim,1,자꾸 어느 메뉴를 가든 버튼을 누르든 버튼 엑션들이 늦거나 즉각반응 나타나지 않고 조금 뒤 [응답 없음] 이 나타남,1
2024-01-23 02:45:47,조셉멜로랑모델랑귀족랑뭘로하지? 닉네임,1,쓰는 비번 세 가지 말고 없는데 다 아니라고 정지 걸려서 풀려고 고객센터 전화하니 생전 연결이 안돼서 기다리다 기다리다 24분 17초만에 포기하고 끊었습니다. 이정도면 상담원 없이 자동응답만 켜놓은 수준 아닌가요?? 욕나오네요,1
2024-01-23 03:49:05,엘리,1,지문으로 로그인이 갑자기 안되네요,0
2024-01-23 16:45:02,하나,1,계좌 인증을 해야되는데 그럼 앱을 나갔다 와야 하는데 그럼 초기화 되는데 똥개훈련 시키냐? 이런 증권앱은 난생 처음보네,0
2024-01-25 01:52:53,레아쨩,1,불편해서 쓰겠냐. 토스좀 본받아라.,0
2024-01-25 03:52:18,조희진,1,이렇게 계좌만들기 힘든 증권앱은 처음이네요. 어제 계좌 만드려는데 문자인증-> 신분증 인증완료하면 다시 첫화면으로 넘어가서 계좌만들기 시작. 이걸 열댓번도 넘게 반복하는데 정말 열받음. 고객센터 전화했더니 대기 50명도 넘어서 연결도 안 됨. 보험때문에 깔아놓은 모니모 앱으로 겨우 계좌 만들고 로그인도 잘 안되면서 인증서까는데만 또 몇 번을 한건지 이것저것 합해서 어제 삼성증권에서 문자인증만 21번 전화인증 1번 총 22번이나 했네요,2
2024-05-03 00:10:01,수수,1,"관심종목, 종목리스트가 하얀색으로뜨고 아무것도 안보여요",0
2024-01-29 18:57:15,zenson jung,1,담부터는 공모주청약에 최저금액만 넣어야겠네요 2천만원 넣었다가 빼는데 출금고 정지시키고 뭐하자는건지,0
2024-01-31 02:20:53,MS Seo,1,모바일신분증으로 계좌개설이 불가능... 모바일신분증 앱으로 가서 인증완료후 삼성증권 앱으로 다시 돌아오면 재연결 합니다 하고 이후 다음 버튼 먹통 되면서 개설이 불가능 해짐 개발수준이 이거밖에 안됨?,1
2024-01-31 03:03:32,Crak “KingsCrack” Kin,1,앱 실행후 멈추더니 강재종료 되는 현상 있습니다. 재설치해도 로그인 화면에서 버벅이면서 강종 당하네요,5
2024-01-31 14:58:43,Happy Happy,1,앱이 무슨 일있나요? 자꾸 에러가 나서 닫힙니다.,4
2024-01-31 15:27:19,펭귄,1,"갤럭시 s22, 어떤 업데이트인지 모르나 업데이트 불가하다는 팝업과 함께 계속 튕김, 빠른 조치 부탁합니다.",3
2024-02-01 00:08:50,최성민,1,니들은 공모주 하지마세요,0
2024-02-01 02:01:46,gouldstyle,1,삼성증권 앱개발팀에 뭔일 있나요? 앱이 점점더 개판이 되어가고 있습니다. 앱 실행하면 버퍼링이 너무 심해서 삭제후 재설치했는데 삼성증권 모바일OTP 발급 진행 중에 모바일신분증 인증 후 계속 오류나서 앱을 전혀 사용하지 못하고 있습니다. 뭘더 어떻게 해야하나요?,81
2024-02-01 04:59:29,김기훈,1,아니 앱을 틀면 그냥 뻗어버려요. 거래를 어떻게 하라고 지금 이렇게 ㅠㅠㅠㅠ 손해배상 되나요,3
2024-02-01 11:39:00,ᄒᄒ (good),1,요즘 렉 쩌네. 버그 고치면 5점으로바꿔줌,0
2024-01-23 01:37:33,최경진 (표적수사),1,증권앱중 제일쓰레기같네증말,0
2024-01-22 04:18:42,손수호,1,삼성증권 사람들이 사용안하는 이유가 다있네 요즘 증권사에 간편계좌계설 안대는 증권사가 어디있고 HTS도 진짜 어떻게 이렇게 불편하게 만들어 놓을수가 있지 영웅쫌 보고 벤치마켓팅을해라,0
2024-01-22 03:16:47,김라미,1,😱 the w0try,0
2024-01-04 08:27:12,R C,1,비대면 계좌개설하려는데 신분증확인 잘하고나면 첫화면 그대로 제자리걸음입니다 확인해보세요 업데이트도 다된 최신버전이에요,2
2024-01-01 13:31:44,bread mie,1,Isa 계좌개설하려는데 지금 신분증 인식 화면에 문제가 있는지 파란화면밖에 안 뜨고 글씨도 겹쳐보입니다 빨리 해결해주세요,0
2024-01-01 14:05:10,Jaemyung Lee,1,비대면 계좌개설 시 신분증 촬영하라며 뜨는 창이 바로 먹통되어 진행이 안되네요. 이런 허섭 스레기 같은 앱은 처음 봅니다.,1
2024-01-02 01:50:28,조현,1,장초반 로딩문제와 최근조회종목이 갑자기 사라지는 문제 해결부탁합니다~ 그리고 수수료 정말 비싸네요... 잠시 왔다가 다시 나갑니다.... 코스닥 약200만 거래에 0.654% 떼가네요ㅠㅠ,1
2024-01-02 09:20:41,Jimi An,1,폴드5로 바껴서 재인증하는데 신분증 촬영 단계에서 전체화면이 파랗게 변하며 더이상 진행 불가 증권사 앱중에 제일 형편 없음. 삼성이라는 이름이 아깝다,1
2024-01-02 16:57:56,heok s,1,"1. 신분증 인식률이 높았으면 좋겠습니다, 키움등 타사 어플도 쓰는데 신분증 진위 여부 비정상 날라온건 여기가 유일하네요 2. mpop과 지옥의 이지선다좀 개선해 주세요, 오투는 현물이나 유상증자 신주 인수 거래 불가 등 거래 가능 종류가 없고, mpop은 작동이 느린데 가독성이 낮지만 삼성증권 모바일 앱에서는 대체자가 없네요...",0
2024-01-03 01:32:49,sungmin Choi,1,삼성 어플 대단하네요. 어플 내렸다가 다시 키니까 첫화면으로 가네요ㅎㅎ인증을 어떻게 하라는 건지.. 왠만하면 댓 안다는데 어휴,2
2024-01-05 10:36:20,김영권,1,빠른매수 빠른매도 좀 만들어주세요 주문내역 들어가서 취소하고 다시 매매하려면 너무 늦습니다. 매매를 수정할때도요 답답함. 키움처럼 비중매매도좀 만들어줌 좋겠습니다.,45
2024-01-20 07:30:11,SG K,1,폰으로 계좌개설... 하지 말라는거죠?,0
2024-01-05 13:33:34,탑 루시안혐오자 (채널 공식 관리자),1,아니ㅋㅋㅋ 계좌 신설시 출금 계좌 인증 숫자번호 받아야해서 다른 은행앱 켜야하는데 홈 버튼 누르고 다시 들어가면 처음부터 다시 하라는데 어떻게 가입하라는거임?,1
2024-01-06 05:21:47,smile,1,앱에 버그가 있다고 아예 열리지도 않습니다. 삭제하고 다시 새로 깔아도 같은 문제 발생. 앱개발자가 오류 수정본 올려야 사용 가능하다는데 뭐 어쩌라는 겁니까? 뭐 이런 경우가 다 있는지 당장 빨리 답변이든 뭐든 해결해 주세요. 전혀 사용 못하고 있어요.,2
2024-01-07 07:43:04,홍세인,1,장난하냐? 인증서 발급했는데 없다고 하네 3년간 잘 쓰다가 폰 바꾸고 접속하려는데 1시간 걸린다 개선좀 해라,1
2024-01-08 07:35:08,김진선,1,관심종목이 얼마전부터 계속 초기화돼서 엄청 불편하네요.. 일일이 다 검색해서 등록해야 되는데 벌써 두 번째라 또 그럴 것 같아서 망설여지네요..,1
2024-01-11 14:55:48,김민재,1,UX최악의 앱. 필요한 기능을 한참이나 찾아야 발견할 수 있음. 갤럭시 기본 ui는 잘만드는데 여기는 왜이런지 알 수가 없다. 증권 공부만 한거냐 어플을 좀 생각을 하고 만들어. 내가 만들면 이렇게는 안 만듬,1
2024-01-15 05:03:40,YH Ko,1,mpop은 조건검색이 너무부실하네요.. 그리고 pc버전에선되고 모바일에선 안되는기능도 많고.. 이러면 더이상 쓸 이유가 없을듯,1
2024-02-01 16:14:20,Hw S,1,얼마전부터 나갔다가 다시들어오면 렉 걸린것처럼 멈춤현상 있는데 왜 그런현상이 생기죠???? 다른사람도 그런것 같은데,2
2024-02-02 01:36:11,seonghee im,1,지금 어플 오류난건 가요~?? 지웠다 깔아도 안되고..,1
2024-03-05 03:35:54,류희태,1,안켜짐,0
2024-02-02 04:19:34,아려니,1,어느순간부터 자꾸 렉이 걸려서 삼성증권 이용하기 힘들어지네여,1
2024-02-13 04:09:51,쿨피스온더락,1,무슨..사진촬영화면도 다 망가진 상태 원격지원 연결도 안되고 에러 팝업에 제거도 안되고..짜증난다 이앱,2
2024-02-13 11:10:35,Junho Kim,1,계좌 개설하려고 하면 계속 초기화돼서 처음부터 다시해야함 개빡치네요 이게 뭔가요?,1
2024-02-13 14:49:23,Luka Jokić,1,직관성 떨어지고 수준이하의 쓰레기 같음. 하나은행 외환계좌연결 때문에 쓰려고 해도 너무 저질이어서 쓸 수가 없음.,2
2024-02-14 05:45:29,서준호,1,회원가입조차 안됌 인증문자 한 20번은 보낸거 같은거 단 한번을 안오고 공인인증서도 인식도 못함,1
2024-02-14 08:59:16,삼인,1,"인증서 발급도 버벅거리고, 인증도 오류남",2
2024-02-15 13:32:59,강현규 (dev311k),1,"특정 메뉴들이 아무 화면이 안뜨고 하얗게만 나와요. 이벤트 메뉴, 전화상담 등 아무것도 안나옵니다 ..",0
2024-02-17 07:33:17,박재수,1,가입할수가 없네 등록도 안되고 주민번호 쓰라고 하는데 써지지가 않고,1
2024-02-22 23:50:48,얄루,1,가격갱신 x,0
2024-02-23 02:04:07,또아스,1,"2024년 2월 23일 기준으로 작성하며 재설치, 업데이트에도 문제 해결이 안됩니다 작년 12월부터 약 2달 반동안 사용중이며 최근 2주간 다른 어플 사용하다 재구동 했을 때, 다른 메뉴 클릭했을 때, 목표가 도달 알림와서 접속했을 때 등등 기본 ui 외에 화면이 아예 안뜨거나 버벅거리는데 약 50% 정도는 타임아웃이라며 튕깁니다 또 로딩이 긴 경우엔 기다려도 화면이 안나오고 메뉴전환이 안되서 매번 새로 접속하고 있습니다 최근들어 이 증상이 심해져서 어제는 어플 사용을 포기하고 지켜봤는데 하루종일 이 증상이 지속됐습니다. 그리고 매수매도 예약 걸어놔도 쳬결이 잘 안됩니다 거래량이 안나와 안되는 게 아니라 느린 반응속도에 체결이 안돼요. 연습용 소액 거래라 예약거래는 거의 포기하고 시장가로 거래하는데 어쩔 수 없이 원하는 가격보다 높게 매수하고 낮은 금액으로 매도하고 있습니다. 특히 오전 9:00~ 오후3:30에도 이 문제가 계속 발생하고 있기에 심각한 문제 같아 해결 요청합니다",11
2024-02-26 09:08:31,조용한사람,1,아이디 등록하려고 하니 전화번호 인증은 hts id 가 틀렸다고 나오고 사진 촬영하면 주민번호 등록을 하랍니다 눌러지지도 않는데 말이죠 개판이네요,2
2024-02-28 02:31:22,유학승,1,아 233333ㄷ3ㄷㄷ3ㅂㄱㄷ,0
2024-02-29 04:32:21,이창식,1,결국은 인증안되서 팔지도 못하고 꼭지 찍고.. 절이 싫으면 중이 떠나라...명언이네요 인증번호가 문자로 오네요 ㅎㅎㅎ Back to the Future by Samsung.,6
2024-03-03 10:08:05,wiseputty,1,"UI 허접은 둘째치고,, 성능에 치명적인 웹뷰를 아직도 메인 기능으로 쓰는 앱이 있다니.. 놀라울 따름. 증권앱 특성상 매우 가볍고 매우 빠르게 반응해야 하는데, 개발 쉽게 할려고 앱뷰를... 이게 요즘 삼성 수준이고.. 나락을 가는중.. 키움이나 미래에셋 수준으로 최소한 해야할것 아닌가.. 메뉴/버튼/화면전환.. 터치 반응이 뭔가 되게 이상하고 미세하게 느린 느낌.. 10년전 UX 로 증권사 앱중 사용성 하위권인 이유를.. 개발자들은 바꿀 생각이 없고 그냥 나몰라라 하는건지..",4
2024-03-04 03:53:45,srghiogu uiojr,1,계좌계설을 할려는데 신분증 진위? 확인이 계속 안되네요 왜 이런 진위 확인을 만들어 놔서 사용도 못하게 하는지 참 너무 어이가 없네요 계좌계설을 쉽게 만들고 쉽게 삭제도 할수 있게 만들어 놓으세요,0
2024-03-05 03:02:47,bejjangwe (N.Wilde),1,"삼성 답지않은 앱 로딩, 무지성광고 조만간 손익처리 후 탈퇴 예정",1
2024-02-08 21:51:10,Mh Y,1,S24 폰인증 인증서인증 죄다 안되어서 로그인이 안됩니다.,0
2024-02-08 04:21:36,응응,1,계좌개설 중에 입출금내역인증 위해 앱 전환시 초기화되는거 너무너무너무너무너무너무 불편합니다. 신분증을 몇번을 다시 찍었는지 모르겠습니다.,1
2024-02-08 01:18:33,이춘걸,1,아니 태양금속 검색했는데 대양금속으로 계속 들가지는건 뭐냐 좀 고치라,2
2024-02-03 06:40:04,권기환,1,"간편인증서발급을 위한 통신사 본인인증할때 휴대폰번호 입력하면 인증번호 와야되는데 밑에 유의사항에 ! ""SMS 인증번호 통지는 이동통신사의 네트워크 사정에 따라 전송지연될 서 있습니다"" 적혀있는데 그러면 고쳐야죠. 지금 2시간째 시도 중인데 한 번도 안 됨. 네트워크 바꿔도 안됨. 그냥 삼성증권 내 문제라고 보여짐.",2
2024-02-02 13:10:25,이승준,1,"최근 멈춤 현상 때문에 사용이 어렵습니다 앱을 삭제한후 재설치 해 보았는데, 교정이 안되요.",2
2024-02-02 13:28:30,하눌,1,계속 앱 대기중으로 나오면서 멈춥니다.거래를 못하겠는데,1
2024-02-02 16:48:15,장동혁,1,나만 그런줄 알았는데 다른분도 렉걸린거마냥 멈춘다네 심지어 나는 아예 앱이 멈춰서 꺼야함 이럼 어케 팔라는거냐?,3
2024-02-02 16:52:21,G LEE,1,메뉴 터치시 계속 렉이 걸림. 삭제하고 다시 설치해도 마찬가지임. 이거 치명적인게 매수 매도 주문 낼때도 렉이 걸림.,4
2024-02-03 00:14:28,JI NI,1,"삼성증권 제일 잘 쓰고 있었는데요, 앱 사용하는 최근 계속 버벅거려 저만 그런줄 알았는데 다들 그런가 봅니다. 속히 고쳐주시고 문의 써놨더니 공모주 때문이라는 동문서답은 하지 마십시오.",25
2024-02-03 04:49:15,IRIS (아이리스),1,업데이트하고 나서 계속 앱 멈춤 대기.. 재설치해도 똑같네요 실사용 불가능한 수준,3
2024-02-03 13:24:11,삼수,1,앱이 무겁고 느려서 매도 타이밍 놓쳤어요,0
2024-02-07 12:45:58,이쯤,1,"앱 리뷰 안 쓰는데, 가입 전에 살펴보시는 분이 계실까 봐 씁니다. 삼성이라는 이름때문에 남들만큼은 하겠지 생각했는데, 다른 증권사 어플에 한참 못 미칩니다. 매번 접속을 다시 한다며 렉 걸리고, 잔고에서 현재가 살펴 보고 다시 빽하면 종목 리스트를 맨 위부터 다시 보여주고, 그 종목 리스트도 로딩시간이 필요하며, 차트 지표도 다양하게 제공하지 않습니다. 무엇보다 요즘 증권사 어플들이 '종목 홈'에서 제공하는 다양한 정보도 전혀 없고, 물타기 계산기 같은 기능은 당연히 없습니다. 진작 버렸어야 했는데 3개월을 쓰다보니 종목 수가 늘어 옮길 수도 없고.. 다른 분이라도 웬만하면 더 나은 선택을 하시길 바라는 마음에 씁니다. 당장이라도 새 앱이 나와서 이 리뷰가 쓸모없어지면 더 좋겠지만요. (참고로 O2라는 어플을 주식 때문에 설치하실 필요는 없습니다. 그건 다르겠지 하고 깔아봤는데 주식 쪽은 별로...)",232
2024-02-04 11:11:59,김덕수,1,버퍼링 진짜~ 삼성이란게 믿기질 않는다,0
2024-02-04 11:46:56,TIGER ETF,1,다른 MTS 비교 분석 정도는 할 수 있다고 봅니다.,0
2024-02-05 00:45:11,최민석,1,주식 잔고 화면에서 목록을 좌우로 스크롤 할 때 너무 끊겨요. 부드럽게 처리되도록 수정해주세요.,0
2024-02-05 16:54:23,gh p,1,"신분증 진위여부 인식도 못하게 만들꺼면 기능은 왜 넣은겁니까? 나만 안되는줄 알고 해결방법 검색해보니 다들 삼성증권은 이미 원래 안되는 기능이라고 인식하고있네요ㅎㅎㅎ 기능을 없애던가, 아님 보완을 하던가. 진~~~짜 한심하네요",3
2024-02-06 04:32:17,갈매기조나단 (닉네임보류),1,계좌만드려고 하는데 휴대폰 본인인증 번호를 넣으려고 이동하면 초기화 되버려요. 상담전화는 휴대폰 설정 어쩌고하는데 타금융기관은 다 잘 되는데 삼증앱만 이러면 삼증앱 문제가 맞겠죠,1
2024-02-07 09:45:05,금서다겸파파(캠퍼),1,업데이트를 하라고만 팝업창이 나오고 업데이트가 안됩니다. 구글플레이 화면에서도 오류가 난다며 진행이 안되고 있습니다. 폰 기종은 삼성 s23울트라를 사용중입니다. 고쳐주세요,2
2024-01-27 01:15:19,MJ K,1,앱이 중간에 멈춰서 사용이 어렵네요. KFTC FIDO LINK 가 응답하지 않습니다 라고 메시지가 뜨고 반응이 없습니다.,2
